community_statistical_area_name,1,2,3,4,5,6,7,8,9,10,11,12,13,14,15,16,17,18,19,20,21,22,23,24,25,26,27,28,29,30,31,32,33,34,35,36,37,38,39,40,41,42,43,44,45,46,47,48,49,50,51,52,53,54,55,56,57,58,59,60,61,62,63,64,65,66,67,68,69,70,71,72,73,74,75,76,77,78,79,80,81,82,83,84,85,86,87,88,89,90,91,92,93,94,95,96,97,98,99,100,101,102,103,104,105,106,107,108,109,110,111,112,113,114,115,116,117,118,119,120,121,122,123,124,125,126,127,128,129,130,131,132,133,134,135,136,137,138,139,140,141,142,143,144,145,146,147,148,149,150,151,152,153,154,155,156,157,158,159,160,161,162,163,164,165,166,167,168,169,170,171,172,173,174,175,176,177,178,179,180,181,182,183,184,185,186,187,188,189,190,191,192,193,194,195,196,197,198,199,200,201,202,203,204,205
Allendale/Irvington/S. Hilton,--,--,--,--,--,--,--,--,--,--,--,--,--,--,--,--,--,--,--,"$35,958",35.6125,19.4403,16.6248,12.4518,15.87,,23.1118,41.549138," $ 33,250 ",43,184,58.1,2.8091,5.7,,1.4 ,"5,589",76.5823,4.430379747,,0.18,3.58,,50.8268,51.0082,0,499.7316157,72.46376812,10.16776,55.1273,,10.1128,44.5212,,,,,NA,0.431646,NA,NA,NA,,,,892,544,794,,93.54,3.77,1.79,16.7040,17.4632,37.6574,,,,,,43.95,58.17,40.14,69.39,18.54,50.00,42.77456647,59.35828877,49.64539007,35.55555556,2.644836272,86.29441624,,9.101516919,,,,77.65748031,30.58103976,89.43,88.54625551,42.2907489,69,0.0,,10.8761,,,0.7399642351,,,,,71.3,11.4,2.6,14.9,35.2,126.7,440.3,1292.1,,,,,,,318.6162669,0.1849910588,1.048282666,0,0,,57.5861,15.7967,26.6172,21.5264,22.93,65.52,11.56,281,5.338078292,273,2666,258,58.00512328,,,0,9.15751,14.652,40.6593,,,,,168,10.3595,1316,83.04415755,36.01346668,34.40833693,3.884812234,63.8272,10.7391,21.9986,2.02984,11.6759,37.3178,23.7335,27.2727,,,,4,,,,,,,65.0746,24.5014,30.2832,,2.325997495,,,,,,,,1.40527,866,530,774,,78,211.351755,0.06166368626,1,3,2394,34.45440342
Beechfield/Ten Hills/West Hills,--,--,--,--,--,--,--,--,--,--,--,--,--,--,--,--,--,--,--,"$52,623",20.0738,17.5282,20.2682,12.9421,29.19,,11.8287,22.309382," $ 130,000 ",49,117,78.7,2.4086,0.6,,2.6 ,"3,612",34.7458,1.694915254,,0.00,0.55,,37.4517,48.3589,0.553709856,577.7962348,60.35437431,2.86106,46.559,,6.93085,38.7312,,,,,NA,0.0815395,NA,NA,NA,,,,606,363,455,,94.59,2.74,1.33,11.0561,7.4380,29.8901,,,,,,48.28,60.91,51.40,82.24,30.33,61.29,59.82142857,58.73015873,68,40.90909091,1.758241758,89.42307692,,5.921450151,,,,74.6882793,18.71657754,85.88,85.87570621,58.75706215,205,0.0,,5.44051,,,0.0815394651,,,,,75.4,9.3,0.9,11.7,15.0,94.3,353.2,1365.1,,,,,,,249.5107632,0.1630789302,0.081539465,0.0815,4,,64.0085,11.5747,24.2822,15.3138,13.97,61.71,24.31,45,15.55555556,150,1530,141,58.78220141,,,0.0815395,6,16.6667,42,,,,,86,7.01239,654,85.60509554,43.12996032,13.94324853,1.549249837,76.0021,10.6716,11.3572,1.67018,12.3945,47.7321,25.756,14.1174,,,,0,,,,,,,72.5223,17.295,19.1605,,1.245847176,,,,,,,,0.298875,583,351,445,,36,166.7396061,0.2446183953,8,0,1142,16.45435244
Belair-Edison,--,--,--,--,--,--,--,--,--,--,--,--,--,--,--,--,--,--,--,"$38,906",32.731,18.5476,17.5077,9.39311,21.82,,18.0640,36.929080," $ 41,975 ",39,184,61.6,3.0654,2.7,,1.9 ,"6,296",69.1542,3.482587065,,0.00,0.32,,42.6693,71.5012,0,444.4091487,58.2909784,11.27172,56.6146,,10.1631,45.418,,,,,NA,0.287092,NA,NA,NA,,,,1120,705,1035,,96.71,1.54,1.12,18.5714,12.1986,37.4879,,,,,,39.36,52.13,37.19,72.86,21.30,48.42,52.04918033,49.79253112,63.24324324,34.34343434,1.93236715,81.56862745,,7.993874426,,,,84.59869848,45.94594595,86.02,87.71186441,45.76271186,82,0.0,,10.0767,,,0.4019292605,,,,,72.9,10.8,1.7,15.0,27.1,106.0,370.7,1811.0,,,,,,,443.9595774,0.4593477262,1.722553973,0.2297,22,,58.0907,11.7107,30.1363,16.7772,17.08,67.58,15.34,163,9.202453988,237,1448,224,49.10310404,,,0.172255,4.64135,11.8143,43.038,,,,,164,9.41663,893,83.94390609,36.3397466,64.4235186,2.756086357,69.7692,7.38193,18.8751,2.91915,11.6766,38.6978,28.3509,21.2746,,,,11,,,,,,,73.5595,14.2516,29.3215,,0.09529860229,,,,,,,,1.05456,1094,692,1022,,76,420.3233256,0.6316031236,58,7,2745,41.59773103
Brooklyn/Curtis Bay/Hawkins Point,--,--,--,--,--,--,--,--,--,--,--,--,--,--,--,--,--,--,--,"$35,862",33.5556,19.8384,19.7374,9.87879,16.99,,28.3508,46.943700," $ 40,000 ",36,113,43.5,2.4947,5.9,,1.0 ,"4,249",75.4237,5.084745763,,1.18,0.24,,33.0502,53.0124,0,307.3664392,53.18898564,11.30584,54.9042,,14.1122,40.0899,,,,,NA,0.21063,NA,NA,NA,,,,1038,488,525,,56.85,28.67,12.38,23.6031,27.4590,46.4762,,,,,,53.28,53.96,31.90,68.94,24.00,46.98,52.77777778,63.1147541,58.55855856,36,3.428571429,78,,8.731130151,,,,87.43961353,49.64539007,81.20,85.04273504,39.74358974,194,0.0,,12.9401,,,1.263778698,,,,,69.3,9.9,3.1,14.4,34.7,147.6,532.3,1568.0,,,,,,,307.5896932,0.3510496384,0.280839711,0.1404,8,,54.8204,15.9737,29.2059,22.5636,34.62,59.52,5.86,757,5.680317041,454,5958,421,71.31782946,,,0.14042,5.50661,13.8767,39.8678,,,,,242,16.9908,1957,55.56862745,23.67678193,81.37330619,5.406164432,54.1183,17.821,19.693,4.32422,21.565,28.8094,30.307,19.3186,,,,1,,,,,,,66.0606,28.7677,30.8687,,0.0470698988,,,,,,,,4.04343,972,453,502,,304,54.51067899,0.7020992768,36,1,7797,94.11764706
Canton,--,--,--,--,--,--,--,--,--,--,--,--,--,--,--,--,--,--,--,"$91,736",9.43396,8.26468,13.1012,7.49402,61.71,,2.8244,6.521739," $ 275,000 ",30,315,66.6,0.6943,0.5,,5.3 ,"4,033",18.2836,0.3731343284,,0.50,1.49,,29.8454,33.4202,31.24225143,320.6050087,44.38383337,4.94344,46.5432,,6.2963,39.5062,,,,,NA,,NA,NA,NA,,,,97,33,29,,20.75,49.06,23.90,5.1546,12.1212,34.4828,,,,,,86.67,70.00,76.19,90.00,61.54,83.33,50,60,100,50,3.448275862,80,,1.435406699,,,,100,0,90.00,92,68.66666667,125,0.0,,0.763359,,,4.074074074,,,,,78.4,0.0,0.0,6.6,5.1,73.5,384.2,1276.3,,,,,,,284.3209877,3.456790123,0.24691358,0.6173,6,,84.7887,4.07085,10.9695,4.58122,5.56,30.74,63.7,201,12.43781095,358,2712,344,53.48890414,,,0.37037,3.35196,10.3352,38.2682,,,,,252,31.1111,2084,78.5277704,40.642978,47.90123457,3.827160494,81.6904,6.62105,4.14278,5.0675,18.0322,40.2996,26.4472,15.221,,,,0,,,,,,,62.7956,33.0322,10.0718,,0,,,,,,,,2.47827,96,33,28,,13,16.28664495,2.592592593,162,0,3451,8.636726016
Cedonia/Frankford,--,--,--,--,--,--,--,--,--,--,--,--,--,--,--,--,--,--,--,"$39,306",30.0629,20.9119,19.3606,9.01468,20.65,,17.3767,25.950143," $ 78,575 ",45,262,73.1,3.1981,1.7,,2.4 ,"6,285",43.6937,1.801801802,,0.48,0.16,,43.619,58.8472,0,528.2418457,72.55369928,5.98484,52.2987,,12.82,38.842,,,,,NA,0.382052,NA,NA,NA,,,,1371,758,1103,,88.49,3.74,1.76,12.1080,9.2348,34.1795,,,,,,53.53,62.45,48.02,72.77,32.58,56.11,47.60147601,60.13289037,55.92417062,36.11111111,1.087941976,84.45378151,,7.112068966,,,,92.90444655,28.44141069,86.27,86.60130719,46.40522876,253,0.0,,7.76699,,,0.6792036337,,,,,72.7,14.5,1.4,13.3,27.1,97.9,452.5,1480.0,,,,,,,305.4718343,0.2122511355,0.127350681,0.2547,13,,64.1871,8.70355,27.0669,11.9405,17.87,67.73,14.4,231,12.98701299,434,2931,413,52.43106714,,,0.127351,8.98618,17.0507,41.2442,,,,,299,12.6926,1995,78.68345607,37.42944917,17.78664516,1.782909539,68.5335,10.994,17.884,0.950678,10.7398,38.0271,29.8758,21.3573,,,,2,,,,,,,72.0335,20.5136,25.8595,,0.1750198886,,,,,,,,1.6378,1305,733,1068,,156,132.0032245,0.4669524982,25,0,1930,21.69880263
Cherry Hill,--,--,--,--,--,--,--,--,--,--,--,--,--,--,--,--,--,--,--,"$22,659",53.1771,21.3757,13.2943,4.4417,7.71,,41.7671,53.725490," $ 23,500 ",38,18,49.5,1.4228,4.9,,1.1 ,984,95.6522,4.347826087,,3.05,1.02,,41.629,43.5,0,470.5284553,74.18699187,3.66399,53.5235,,15.484,37.0641,,,,,NA,0.121921,NA,NA,NA,,,,803,430,500,,95.67,1.10,2.42,24.7821,20.9302,46.2000,,,,,,32.64,36.43,30.53,67.42,15.04,40.71,41.50943396,49.6350365,42.22222222,23.68421053,2.8,78.84615385,,10.28265107,,,,85.80508475,63.40057637,84.02,89.34911243,46.74556213,207,0.0,,19.8795,,,0.1219214826,,,,,69.8,19.9,1.7,16.1,35.9,135.4,459.7,1634.6,,,,,,,508.0468178,0.1219214826,0.731528895,0.3658,17,,52.2329,11.1443,36.6228,17.5841,22.37,69.57,8.06,93,7.52688172,144,1435,134,55.98409543,,,0,8.33333,11.8056,36.8056,,,,,95,11.5825,650,81.85437998,26.56937688,8.168739332,0.853450378,45.293,18.7146,31.2287,4.57467,16.1059,35.7278,18.4499,29.7164,,,,1,,,,,,,63.2017,31.277,51.8199,,0.1016260163,,,,,,,,0.189036,779,430,490,,369,99.64285714,0.6096074128,27,2,2450,76.98141828
Chinquapin Park/Belvedere,--,--,--,--,--,--,--,--,--,--,--,--,--,--,--,--,--,--,--,"$44,253",29.4768,16.861,16.0837,10.1046,27.47,,12.4855,24.295432," $ 120,000 ",36,89,68.9,2.2685,1.6,,2.8 ,"2,689",40,2.222222222,,0.00,0.37,,31.8367,61.4719,0,483.0792116,62.84864262,5.20043,47.705,,9.02527,37.9061,,,,,NA,,NA,NA,NA,,,,367,206,272,,91.60,5.44,1.54,14.1689,12.1359,26.4706,,,,,,60.66,68.97,47.83,81.16,26.56,62.50,43.93939394,59.375,55.76923077,29.16666667,0.7352941176,80.88235294,,6.545820745,,,,83.7037037,46.41350211,84.62,89.42307692,54.80769231,180,0.0,,5.51684,,,0.644662197,,,,,75.2,10.6,0.0,10.8,18.3,101.6,321.3,1717.6,,,,,,,333.4192883,0.5157297576,0.644662197,0.3868,5,,67.5628,12.2151,20.0273,15.3114,11.51,55.9,32.59,56,32.14285714,149,1166,140,51.47444299,,,0.51573,3.3557,12.0805,38.9262,,,,,106,13.6668,840,86.59455916,41.01059803,19.21093347,3.223310985,69.4785,11.3708,15.5315,1.31091,16.6144,33.7988,27.6432,21.9436,,,,0,,,,,,,64.9925,27.145,24.843,,0.07437709186,,,,,,,,2.30835,357,195,263,,70,116.8831169,1.031459515,17,3,973,13.43821698
Claremont/Armistead,--,--,--,--,--,--,--,--,--,--,--,--,--,--,--,--,--,--,--,"$34,034",35.5363,22.2347,19.3503,5.93671,16.94,,16.5018,27.562146," $ 90,000 ",57,17,85.1,1.3233,0.2,,1.4 ,"2,267",57.1429,0,,0.44,26.03,,33.8164,47.5119,0,142.9201588,19.40891045,3.73852,46.2884,,9.84085,35.9616,,,,,NA,,NA,NA,NA,,,,659,299,355,,54.91,17.36,25.74,10.1669,11.3712,37.7465,,,,,,46.15,58.16,56.03,74.78,32.61,60.87,50.64935065,57.5,52.77777778,38.88888889,1.690140845,81.15942029,,5.352644836,,,,89.25619835,45.11278195,91.72,92.3566879,50.31847134,162,0.0,,8.06871,,,0.8504434455,,,,,72.2,6.3,0.0,8.4,17.7,133.1,528.6,1756.1,,,,,,,277.3660552,0.1214919208,0.364475762,0.243,15,,61.1092,12.924,25.9668,17.457,21.44,63.04,15.52,187,10.16042781,208,2660,187,54.71638985,,,0,4.32692,11.0577,32.2115,,,,,87,10.5698,1015,71.50921468,32.45878802,15.7939497,4.495201069,64.798,9.53559,22.7535,1.53888,9.92031,30.5304,35.147,24.4023,,,,0,,,,,,,79.4455,17.0821,27.8353,,0,,,,,,,,1.374,630,292,341,,229,270.2539299,0.4859676831,32,1,2404,29.22131828
Clifton-Berea,--,--,--,--,--,--,--,--,--,--,--,--,--,--,--,--,--,--,--,"$25,738",49.0319,18.7071,14.6159,6.80825,10.84,,29.6909,45.360231," $ 20,000 ",32,63,33.0,1.4118,26.0,,1.2 ,"4,675",93.1373,1.960784314,,6.42,0.00,,54.5939,55.7405,0,114.6524064,29.94652406,12.45247,54.9929,,16.8118,36.7632,,,,,NA,0.607656,NA,NA,NA,,,,723,387,535,,98.54,0.55,0.61,18.3956,19.8966,46.9159,,,,,,30.51,34.45,24.80,58.06,9.65,45.54,40.6779661,46.77419355,52.68817204,29.72972973,2.242990654,65.09433962,,10.35548686,,,,69.90950226,35.98971722,87.32,80.28169014,38.73239437,141,5.0,,26.9868,,,1.4178651,,,,,67.2,14.7,3.1,29.3,55.9,182.5,392.7,1603.9,,,,,,,401.6609277,1.114036864,1.215312943,0.1013,1,,49.5769,12.1597,38.1714,19.6961,24.47,68.94,6.59,148,9.459459459,171,1384,160,48.62472336,,,0,7.60234,17.5439,32.1637,,,,,122,12.3557,673,82.20500272,32.33008103,126.8989265,3.443386672,49.1395,11.7539,32.7719,3.58843,15.855,36.6899,24.8627,22.5925,,,,33,,,,,,,63.3354,19.0818,44.2224,,0.128342246,,,,,,,,2.74625,707,378,522,,84,229.0470723,0.3038282358,12,3,1786,131.8651441
Cross-Country/Cheswolde,--,--,--,--,--,--,--,--,--,--,--,--,--,--,--,--,--,--,--,"$54,868",19.2986,16.0512,18.6305,12.2843,33.74,,9.1303,12.173012," $ 165,000 ",35,117,82.3,0.8544,0.2,,6.0 ,"2,926",49.4382,1.123595506,,0.34,0.68,,43.7688,42.9045,0.3417634997,436.0902256,63.56801094,1.59833,14.5773,,0.537057,13.9635,,,,,NA,,NA,NA,NA,,,,206,113,147,,75.97,10.73,8.15,9.2233,9.7345,27.8912,,,,,,60.71,61.29,36.00,76.00,45.45,84.85,70.27027027,71.42857143,78.125,43.47826087,2.040816327,87.87878788,,4.537205082,,,,96.74074074,6.651884701,95.32,96.32107023,58.52842809,140,0.0,,1.01047,,,0,,,,,89.6,7.7,0.7,4.4,2.6,43.5,163.2,641.6,,,,,,,130.4281111,0.1534448366,0.230167255,0.6138,14,,66.8937,6.15804,26.9482,8.42969,4.33,39.95,55.72,24,0,245,1093,236,58.41676368,,,0,6.12245,9.38776,51.8367,,,,,153,11.7385,562,85.61455469,46.04645416,3.60595366,1.227558693,72.449,11.9702,12.2057,2.90424,20.2119,39.6586,24.7449,15.3846,,,,0,,,,,,,61.7925,32.5849,11.8204,,0.03417634997,,,,,,,,0.470958,201,108,139,,11,25.06450424,1.074113856,25,0,659,1.375079331
Dickeyville/Franklintown,--,--,--,--,--,--,--,--,--,--,--,--,--,--,--,--,--,--,--,"$32,768",41.17,13.4658,22.2406,8.4989,14.62,,21.8434,31.328807," $ 227,550 ",126,10,66.9,1.2384,2.2,,5.3 ,323,33.3333,0,,0.00,3.10,,26.5193,49.653,12.38390093,448.9164087,49.53560372,1.89938,29.2612,,7.80297,21.2143,,,,,NA,,NA,NA,NA,,,,245,97,119,,96.75,1.08,1.74,17.5510,16.4948,45.3782,,,,,,46.88,70.00,50.00,79.55,38.24,52.94,44.44444444,54.54545455,54.54545455,39.39393939,3.361344538,65.2173913,,6.715063521,,,,89.92248062,28.16901408,90.63,87.5,54.6875,100,0.0,,5.80808,,,0,,,,,73.3,17.1,2.4,3.1,23.3,106.9,442.3,1395.3,,,,,,,190.4413558,0.4876859303,0.975371861,0.2438,3,,65.552,4.02901,29.9758,5.79039,13.86,61.88,24.26,30,23.33333333,40,264,37,57.87203451,,,0,2.5,15,45,,,,,16,3.90149,78,68.52589641,32.75193798,3.901487442,1.706900756,66.1529,10.7275,19.2355,1.84957,11.5906,39.0259,24.5993,24.7842,,,,2,,,,,,,69.5916,24.8896,38.7417,,0.3095975232,,,,,,,,2.03453,230,91,120,,,143.2176656,0.7315288954,6,0,235,28.55245684
Dorchester/Ashburton,--,--,--,--,--,--,--,--,--,--,--,--,--,--,--,--,--,--,--,"$36,870",31.1468,22.8483,16.1347,5.63504,24.24,,18.3824,32.493516," $ 86,250 ",40,148,67.2,3.2145,3.1,,3.0 ,"3,422",52.8571,3.571428571,,1.17,0.88,,50.3777,61.5077,0,612.7995324,84.74576271,7.81250,56.4229,,12.6421,42.7626,,,,,NA,0.593925,NA,NA,NA,,,,637,330,518,,97.44,0.67,1.21,15.8556,16.6667,32.6255,,,,,,40.68,56.73,43.75,71.43,29.55,62.92,52.13675214,56.33802817,61.11111111,40.17094017,1.158301158,85.38461538,,8.826945412,,,,95.74468085,16.43192488,85.04,88.18897638,52.75590551,133,4.5,,7.42647,,,0.1696928559,,,,,73.9,8.1,4.2,24.5,28.9,111.4,350.3,1314.9,,,,,,,292.9747158,0.4242321398,1.187849992,0.0848,6,,54.3324,13.9918,31.6758,20.4786,19.22,65.24,15.54,117,5.128205128,202,1480,190,51.70964126,,,0,9.90099,21.7822,46.5347,,,,,133,11.2846,784,79.703399,42.40119517,28.93263194,2.375699983,66.1672,10.1982,21.8463,1.64331,17.8105,42.0493,18.5355,21.6046,,,,3,,,,,,,74.9285,16.1347,28.5714,,0.05844535359,,,,,,,,0.144998,611,322,500,,153,131.8022966,0.1696928559,21,0,1095,28.25286859
Downtown/Seton Hill,--,--,--,--,--,--,--,--,--,--,--,--,--,--,--,--,--,--,--,"$44,819",31.9436,13.4273,22.0242,7.64807,24.96,,15.8482,39.751553," $ 235,250 ",88,34,37.6,2.4745,10.2,,3.3 ,687,15.7895,0,,2.91,1.46,,50.2347,49.5809,50.94614265,228.5298399,7.278020378,1.78285,243.252,,58.7962,179.957,,,,,NA,0.31027,NA,NA,NA,,,,116,50,77,,83.95,7.82,2.88,7.7586,16.0000,45.4545,,,,,,44.00,52.00,42.86,57.14,44.44,66.67,45.45454545,54.54545455,33.33333333,50,0,91.30434783,,10.76388889,,,,89.02953586,43.47826087,95.18,96.38554217,38.55421687,94,0.0,,10.4911,,,7.291343469,,,,,67.5,12.2,20.7,5.7,13.5,177.8,584.5,1307.7,,,,,,,446.9438411,16.90971145,14.58268694,8.3773,517,,61.7037,3.82602,34.2177,5.83861,9.75,26.28,63.98,1223,24.93867539,2928,91065,2729,44.12219644,,,3.25783,5.60109,12.944,39.4809,,,,,2167,336.177,62996,54.71411705,27.25030826,41.11076637,6.981073534,42.8052,4.60467,16.3587,32.8688,32.263,42.1993,15.359,10.1787,,,,6,,,,,,,26.452,70.6153,37.6078,,0,,,,,,,,3.36262,109,47,77,,21,78.54703508,18.92646603,1467,39,78077,241.5247091
Edmondson Village,--,--,--,--,--,--,--,--,--,--,--,--,--,--,--,--,--,--,--,"$36,648",32.4206,21.6362,21.3996,7.6403,16.90,,21.1009,51.859504," $ 55,000 ",39,87,64.5,2.5080,3.7,,2.0 ,"2,831",51.8519,3.703703704,,0.00,0.00,,49.661,61.2489,0,465.2066408,97.84528435,9.17317,38.8608,,8.60759,29.7468,,,,,NA,0.759494,NA,NA,NA,,,,448,284,474,,98.84,0.50,0.50,11.6071,9.1549,36.7089,,,,,,50.65,55.26,33.33,73.08,35.63,48.28,45.53571429,56.36363636,51.80722892,27.72277228,1.898734177,79.2,,7.881417209,,,,96.58314351,24.69135802,83.16,86.31578947,51.57894737,182,0.0,,11.1111,,,0.1265822785,,,,,72.4,13.6,0.0,9.5,30.4,124.9,384.4,1661.8,,,,,,,453.0379747,0.5063291139,0.506329114,0.2532,9,,61.6771,15.4326,22.8903,20.0139,18.8,73.15,8.04,33,9.090909091,54,397,51,54.14551607,,,0,3.7037,11.1111,33.3333,,,,,39,4.93671,228,92.78742763,38.77696559,31.7721519,1.518987342,51.1532,13.838,32.4069,1.74453,9.07747,35.0384,30.5441,25.34,,,,1,,,,,,,59.8377,22.1433,30.6626,,1.130342635,,,,,,,,0.857481,434,275,464,,24,184.5730028,0.253164557,9,0,229,25.3101737
Fells Point,--,--,--,--,--,--,--,--,--,--,--,--,--,--,--,--,--,--,--,"$77,433",14.8569,8.91414,12.0821,12.6284,51.52,,3.5098,12.659698," $ 249,000 ",33,241,51.4,0.9766,0.8,,4.8 ,"4,096",21.7877,0,,0.98,0.73,,27.7702,34.5469,42.96875,274.9023438,33.69140625,4.04800,71.0256,,13.4971,56.9753,,,,,NA,,NA,NA,NA,,,,207,73,94,,24.60,25.13,45.72,7.7295,17.8082,32.9787,,,,,,77.78,83.33,80.00,88.46,47.37,70.59,66.66666667,63.63636364,75,26.66666667,3.191489362,83.33333333,,3.744493392,,,,86.7768595,33.33333333,94.48,97.93103448,56.55172414,156,0.0,,1.09321,,,4.425268282,,,,,78.2,4.1,0.0,7.1,6.4,71.5,339.4,1377.8,,,,,,,291.9570749,2.765792676,1.991370727,1.5488,99,,81.9372,4.53388,13.5289,5.24324,9.93,24.7,65.37,516,13.95348837,561,7678,528,45.05946935,,,0.442527,6.95187,14.4385,42.959,,,,,385,42.5932,5110,79.31372549,34.3170581,48.78858281,6.306007302,64.8424,8.17832,7.60953,16.6334,22.0292,43.5972,18.8317,15.5419,,,,2,,,,,,,51.2344,44.09,12.8468,,0,,,,,,,,2.73636,202,69,95,,18,12.78079009,4.425268282,733,4,7141,23.52941176
Forest Park/Walbrook,--,--,--,--,--,--,--,--,--,--,--,--,--,--,--,--,--,--,--,"$37,161",36.4486,16.3976,21.3537,3.34183,22.46,,20.4582,44.048272," $ 65,500 ",49,129,56.4,3.5429,6.0,,3.6 ,"2,879",58.8235,1.960784314,,0.00,0.69,,38.9972,58.2241,0,496.7002431,61.82702327,11.68719,49.9543,,11.7778,37.7703,,,,,NA,0.406133,NA,NA,NA,,,,615,331,469,,97.67,0.78,1.27,13.9837,14.1994,38.1663,,,,,,50.86,59.79,53.51,82.46,32.26,56.99,52.94117647,60.6557377,61.95652174,29.21348315,0.8528784648,82.35294118,,7.405140759,,,,78.20163488,34.57446809,85.50,83.96946565,45.03816794,111,4.5,,10.8151,,,0.4061326023,,,,,74.7,10.2,1.2,12.2,21.8,106.3,340.6,1396.2,,,,,,,411.5138593,0.710732054,0.203066301,0.4061,15,,57.0506,7.4991,35.4503,11.6176,14.28,67.42,18.31,52,5.769230769,155,705,153,53.69785082,,,0,7.74194,15.4839,47.7419,,,,,114,11.5748,548,82.89593942,36.73019373,35.23200325,3.858259722,61.8316,12.1998,21.7099,1.79315,8.29331,43.2277,27.8258,20.6532,,,,2,,,,,,,79.2693,12.6593,30.5579,,0.06946856547,,,,,,,,2.46558,596,324,464,,192,209.7735399,0.5076657529,17,0,432,24.80741611
Glen-Fallstaff,--,--,--,--,--,--,--,--,--,--,--,--,--,--,--,--,--,--,--,"$39,694",34.0156,16.4045,17.0918,8.72155,23.77,,16.8759,21.026895," $ 87,500 ",47,138,73.7,1.9898,1.1,,2.2 ,"3,719",42.3529,1.176470588,,0.81,1.34,,48.0458,46.7638,0,580.8012907,87.92686206,4.94597,51.8305,,11.3316,39.8284,,,,,NA,0.134102,NA,NA,NA,,,,651,364,468,,83.14,4.52,10.59,11.2135,12.6374,32.0513,,,,,,47.79,57.26,47.20,79.20,43.30,66.67,49.19354839,62.60869565,69.56521739,42.10526316,1.068376068,83.17757009,,6.682297773,,,,84.90284006,40,90.00,92,42.5,143,0.0,,3.90516,,,0.4693576505,,,,,82.5,9.8,1.6,4.0,16.8,55.9,217.4,942.4,,,,,,,272.6297439,0.06705109293,0.268204372,0.4694,99,,63.0732,11.4146,25.5122,15.3242,18.48,56.74,24.78,334,8.982035928,719,13622,675,54.2282673,,,0.335255,6.39777,12.5174,33.6579,,,,,462,30.9776,9123,78.97180193,40.65969954,16.62867105,2.078583881,58.6439,11.8246,23.739,5.23874,18.8445,35.339,27.3163,18.5002,,,,2,,,,,,,66.9314,25.8286,26.1188,,0.05377789728,,,,,,,,0.553809,614,348,449,,14,199.4169096,1.475124045,220,1,6937,22.35213205
Greater Charles Village/Barclay,--,--,--,--,--,--,--,--,--,--,--,--,--,--,--,--,--,--,--,"$30,845",44.2988,15.061,17.8354,4.96951,17.84,,25.7611,42.432619," $ 189,900 ",41,177,43.2,1.3312,5.7,,2.9 ,"3,681",36.076,2.53164557,,2.72,0.00,,39.5756,51.4041,16.57158381,325.4550394,22.8198859,5.43603,68.8183,,16.6555,51.5527,,,,,NA,0.244036,NA,NA,NA,,,,383,188,277,,83.84,8.25,4.83,14.0992,16.4894,35.7401,,,,,,52.17,64.15,50.00,69.09,42.31,61.54,48.14814815,58.73015873,76.08695652,32.60869565,2.166064982,82.85714286,,7.71484375,,,,99.1656237,6.782945736,86.78,89.25619835,46.28099174,151,0.0,,9.36768,,,1.098163626,,,,,74.7,12.4,3.9,2.4,11.5,131.5,378.1,1018.0,,,,,,,297.4803246,2.135318162,2.928436337,1.6472,337,,49.4254,6.96921,43.5391,12.3579,12.88,40.23,46.88,610,14.75409836,904,7602,868,63.14428393,,,0.244036,5.97345,14.1593,39.6018,,,,,667,40.6931,5262,52.96269203,35.02009041,52.83387225,0.854127265,46.0642,5.75235,21.3291,20.9961,34.2567,31.9709,21.2231,12.5492,,,,37,,,,,,,59.0396,28.003,42.1646,,0.05433306167,,,,,,,,5.85831,376,177,270,,150,68.71141207,3.41650906,707,6,12220,34.9138791
Greater Govans,--,--,--,--,--,--,--,--,--,--,--,--,--,--,--,--,--,--,--,"$36,531",35.3694,18.9522,17.4795,10.5022,17.70,,19.2023,31.414674," $ 50,600 ",44,100,59.2,2.4926,4.9,,2.6 ,"3,731",66.055,4.587155963,,0.80,0.80,,42,50.7448,0,506.5666041,81.74752077,11.09219,39.8839,,8.98792,30.6151,,,,,NA,0.374497,NA,NA,NA,,,,687,385,537,,96.89,1.62,1.06,10.0437,10.3896,35.7542,,,,,,47.41,49.59,40.19,78.30,23.68,50.00,48.41269841,47.36842105,56.09756098,35.18518519,2.048417132,86.17886179,,8.643326039,,,,78.91737892,56.09756098,91.72,89.17197452,43.94904459,63,0.0,,9.78618,,,0.2808725775,,,,,73.3,10.1,0.0,11.7,30.7,116.6,371.9,1518.2,,,,,,,379.1779796,0.37449677,1.217114502,0.1872,10,,57.7262,10.5719,31.7019,15.4791,19.23,63.34,17.43,120,4.166666667,174,1048,165,49.24874791,,,0,8.04598,17.8161,45.977,,,,,122,11.4222,586,85.61694747,37.24497178,40.63289954,2.527853197,56.2591,9.15901,26.3412,4.83325,15.5631,34.5578,23.7554,26.1237,,,,11,,,,,,,60.7195,27.0159,29.4061,,0.1876172608,,,,,,,,3.40744,665,364,512,,39,199.1062562,0.6553693474,26,5,642,58.72150644
Greater Mondawmin,--,--,--,--,--,--,--,--,--,--,--,--,--,--,--,--,--,--,--,"$38,655",34.3201,17.3064,17.3715,10.7677,20.23,,14.5545,30.517711," $ 40,500 ",33,67,50.0,1.6260,12.0,,1.8 ,"3,444",68.1159,1.449275362,,0.00,0.87,,31.1927,63.4806,0,293.2636469,45.58652729,17.20578,102.875,,27.3546,74.233,,,,,NA,0.214546,NA,NA,NA,,,,578,277,470,,98.11,0.83,0.68,12.2837,17.3285,34.6809,,,,,,44.34,56.44,52.38,79.05,23.17,51.22,49.19354839,59.83606557,55.67010309,30.09708738,1.063829787,88.39285714,,8.881789137,,,,85.53259141,16.10017889,86.61,85.71428571,42.85714286,96,0.0,,13.337,,,0.4290924694,,,,,71.7,13.4,1.4,9.7,39.1,146.4,382.0,1222.2,,,,,,,360.8667668,0.8581849389,1.072731174,0.4291,15,,49.0454,12.7551,38.1995,20.6391,18.77,67.49,13.73,140,15.71428571,221,2612,206,59.72289742,,,0.321819,7.69231,14.4796,39.819,,,,,148,15.8764,1265,83.96406207,35.42477302,65.97296717,4.934563398,62.069,9.63584,25.5559,2.22365,13.3742,42.3783,22.8811,21.3664,,,,7,,,,,,,64.4112,25.4717,33.4092,,0.05807200929,,,,,,,,0.51563,558,267,454,,182,250.4943968,0.9654580562,37,0,4692,84.39967329
Greater Roland Park/Poplar Hill,--,--,--,--,--,--,--,--,--,--,--,--,--,--,--,--,--,--,--,"$104,482",11.4387,6.45637,9.64033,11.645,60.82,,2.5824,5.345061," $ 310,000 ",36,157,75.4,0.2316,0.1,,4.5 ,"3,023",34.1463,0,,0.33,1.32,,33.8462,43.5417,7.277538869,406.2189878,18.52464439,2.97003,28.1957,,2.1689,26.0268,,,,,NA,,NA,NA,NA,,,,241,109,76,,21.36,62.68,3.76,0.4149,3.6697,5.2632,,,,,,96.97,95.00,90.91,97.73,88.89,94.29,91.30434783,95,100,100,0,88.88888889,,1.680672269,,,,100,0,96.36,100,65.45454545,99,0.0,,0.0549451,,,0.2711129185,,,,,83.8,3.4,0.0,0.0,4.3,33.2,218.1,1390.2,,,,,,,467.1275586,0.5422258371,2.440016267,1.6267,53,,76.81,2.65831,20.5317,3.34512,1.14,19.86,79,115,23.47826087,375,3748,349,42.77456647,,,0.677782,5.86667,10.6667,33.8667,,,,,272,36.8714,2282,88.63066377,57.49858517,12.20008133,10.16673444,79.9252,6.65597,7.35098,3.66212,22.9083,47.0195,18.872,11.2002,,,,0,,,,,,,62.7948,20.2241,4.36321,,0,,,,,,,,2.40577,224,104,79,,46,5.931198102,4.066693778,97,0,3923,3.343922421
Greater Rosemont,--,--,--,--,--,--,--,--,--,--,--,--,--,--,--,--,--,--,--,"$30,865",40.064,22.0799,16.147,9.23647,12.47,,21.7064,43.141737," $ 20,000 ",54,145,45.4,2.2431,16.3,,1.1 ,"7,133",88.7574,2.958579882,,3.36,0.70,,51.0341,58.8093,0,225.4310949,50.75003505,15.27910,63.0355,,18.4849,43.3564,,,,,NA,0.41539,NA,NA,NA,,,,1410,725,1038,,98.24,0.66,0.91,14.2553,14.8966,43.9306,,,,,,36.82,51.15,32.20,65.27,27.19,50.69,48,56.0483871,44.14893617,26.36363636,2.601156069,79.04761905,,9.793814433,,,,71.88378632,44.7761194,83.82,85.66176471,44.11764706,115,5.2,,20.9849,,,0.9346279661,,,,,70.2,13.3,1.6,15.0,47.0,146.2,422.5,1236.7,,,,,,,399.449608,1.194246846,0.571161535,0.0519,6,,50.6338,14.4573,34.909,22.2108,25.79,64.38,9.84,310,8.064516129,320,2142,299,56.3042028,,,0.0519238,13.4375,23.125,43.125,,,,,225,11.6828,1007,83.65438695,32.71703504,76.12025546,3.998130744,55.3275,8.21049,31.3678,3.48946,11.2334,33.8683,27.7664,27.1319,,,,5,,,,,,,77.5999,13.4165,41.2776,,0.2243095472,,,,,,,,1.60478,1372,714,1031,,92,245.4136379,0.2076951036,27,4,1565,56.80539933
Greenmount East,--,--,--,--,--,--,--,--,--,--,--,--,--,--,--,--,--,--,--,"$23,277",53.01,17.7503,14.9639,4.47196,9.80,,27.6944,29.608586," $ 30,000 ",72,118,28.0,1.1252,32.8,,1.7 ,"4,088",58.3333,3.125,,8.56,0.24,,49.5161,55.3478,1.467710372,104.2074364,13.69863014,17.52981,66.4712,,19.5503,46.1877,,,,,NA,0.244379,NA,NA,NA,,,,581,285,484,,98.59,0.59,0.44,19.2771,18.2456,46.9008,,,,,,36.21,46.46,24.44,61.11,23.88,44.78,37.27272727,43.26923077,48.35164835,33.03571429,3.512396694,71.28712871,,12.32961586,,,,73.3974359,90.90909091,85.23,84.56375839,40.26845638,229,4.8,,23.9427,,,1.588465298,,,,,67.8,19.9,3.9,9.1,45.0,173.6,447.5,1546.2,,,,,,,430.5962854,1.955034213,0.855327468,0.1222,20,,42.9816,18.5133,38.5052,30.1054,26.13,67.78,6.08,186,3.76344086,149,1041,143,58.36177474,,,0,4.02685,9.39597,26.8456,,,,,116,14.174,615,86.49312377,30.83475298,125.4887586,5.620723363,38.7784,9.375,39.678,9.75379,12.642,38.447,19.7443,29.1667,,,,136,,,,,,,57.2755,32.7829,57.8259,,2.201565558,,,,,,,,2.41477,570,281,481,,11,158.3869082,0.1221896383,20,5,621,81.85985593
Hamilton,--,--,--,--,--,--,--,--,--,--,--,--,--,--,--,--,--,--,--,"$63,986",19.3586,14.5578,12.8863,12.0311,41.17,,8.5291,13.891532," $ 106,000 ",45,203,76.4,3.2768,0.9,,2.8 ,"4,364",35.8696,1.630434783,,0.46,1.15,,41.3255,53.7069,0,609.3033914,80.659945,6.02929,50.1461,,9.46008,39.9169,,,,,NA,0.0769112,NA,NA,NA,,,,602,395,497,,85.94,10.44,1.87,13.7874,11.8987,28.5714,,,,,,58.16,60.64,53.06,77.55,35.43,65.35,64.61538462,67.71653543,67.67676768,40.42553191,1.207243461,80.18018018,,6.36682243,,,,98.39901478,18.94736842,87.76,89.11564626,45.57823129,248,0.0,,3.31509,,,0.538378711,,,,,74.9,8.3,2.7,10.4,17.2,89.3,415.7,1402.3,,,,,,,300.0307645,0.2307337333,0.076911244,0.3846,8,,75.4272,7.24638,17.3264,8.76505,11.33,63.92,24.75,193,8.808290155,260,1784,248,57.64158262,,,0.230734,4.23077,10.7692,35,,,,,183,14.0748,1109,81.35542169,41.15759595,25.38071066,2.538071066,77.0032,10.6017,10.2256,1.64883,8.76482,39.8322,30.3298,21.0732,,,,0,,,,,,,77.7454,11.8367,13.7415,,0.04582951421,,,,,,,,0.520683,582,389,486,,4,172.4137931,0.7691124442,19,1,1455,14.75903614
Harbor East/Little Italy,--,--,--,--,--,--,--,--,--,--,--,--,--,--,--,--,--,--,--,"$36,579",38.2684,12.8571,11.645,3.07359,34.16,,39.6364,56.841282," $ 298,000 ",55,99,36.9,1.6490,1.9,,3.8 ,"1,698",44.0678,0,,2.36,0.00,,33.4,44.7923,18.25677267,163.7220259,21.79034158,3.80214,159.423,,28.1117,129.462,,,,,NA,,NA,NA,NA,,,,359,182,192,,95.77,1.64,1.91,15.0418,10.9890,46.8750,,,,,,29.33,47.14,34.55,75.93,26.00,55.10,41.66666667,54.76190476,46.66666667,18.18181818,0.5208333333,64.70588235,,9.662398137,,,,74.48559671,28.16901408,82.95,84.09090909,46.59090909,52,0.0,,15.3636,,,2.774181616,,,,,72.3,20.5,0.0,20.2,18.9,125.0,396.3,1235.3,,,,,,,437.0260773,3.32901794,1.109672647,2.4043,95,,60.6341,10.3659,29,14.5998,25.15,40.02,34.83,481,9.355509356,458,40612,422,67.71180787,,,0.924727,5.8952,16.1572,40.8297,,,,,300,55.4836,4905,75.31014352,28.19767442,24.41279822,2.034399852,33.2906,6.5812,26.5812,29.7009,35.3419,27.0513,16.1538,21.453,,,,3,,,,,,,46.8831,42.1645,42.7273,,0.05889281508,,,,,,,,3.84615,347,179,183,,4,49.96989765,5.918254115,343,4,8097,90.73218195
Harford/Echodale,--,--,--,--,--,--,--,--,--,--,--,--,--,--,--,--,--,--,--,"$54,086",22.6271,15.1484,17.0732,13.1208,32.03,,10.9625,22.121776," $ 123,999 ",47,269,78.1,2.6931,1.0,,2.5 ,"5,050",30.9524,4.365079365,,0.99,0.20,,37.0023,46.4599,0,625.7425743,78.61386139,5.90003,44.2425,,8.78912,34.5626,,,,,NA,0.118772,NA,NA,NA,,,,797,430,571,,84.65,11.07,3.39,10.6650,12.0930,25.9194,,,,,,58.67,68.38,50.00,74.63,38.93,61.07,58.92857143,63.90977444,70.65217391,35.29411765,0.8756567426,83.21167883,,5.796395519,,,,88.3910387,23.76237624,86.39,89.0052356,56.02094241,404,0.0,,3.96014,,,0.6532454421,,,,,75.8,2.7,3.3,10.6,17.8,86.9,361.2,1606.8,,,,,,,250.9650217,0.1781578479,0.059385949,0.6532,29,,73.679,6.51766,19.553,8.12709,11.97,62.89,25.14,187,16.04278075,329,2890,308,59.76058932,,,0.118772,5.16717,11.8541,40.1216,,,,,213,12.6492,1345,80.23587451,40.58026708,14.84648732,2.137894174,79.3398,8.39658,9.0471,1.14444,10.3963,40.73,27.4907,21.383,,,,5,,,,,,,72.0981,19.0567,13.4146,,0.0396039604,,,,,,,,2.07204,760,413,559,,78,120.4379562,1.128333036,76,0,2353,25.7457797
Highlandtown,--,--,--,--,--,--,--,--,--,--,--,--,--,--,--,--,--,--,--,"$71,660",20.4216,11.0132,11.4223,9.18817,47.95,,12.5090,42.554923," $ 265,000 ",41,237,58.3,1.2457,1.2,,6.0 ,"3,211",21.6981,0,,0.93,8.41,,27.3983,45.0397,22.42292121,367.1753348,51.69729056,6.67788,88.8276,,20.8276,67.0345,,,,,NA,0.275862,NA,NA,NA,,,,316,126,148,,20.85,21.86,54.24,12.6582,17.4603,39.8649,,,,,,48.44,36.59,65.85,80.00,39.53,63.41,40.74074074,70.96774194,48.48484848,29.16666667,3.378378378,73.91304348,,4.700854701,,,,84.09090909,43.10344828,88.55,90.96385542,50.60240964,235,0.0,,3.2538,,,4.827586207,,,,,74.0,10.7,0.0,11.3,10.6,119.7,373.2,1372.9,,,,,,,407.1724138,2.068965517,0.551724138,0.9655,40,,76.334,4.41788,18.659,5.47093,19.45,38.81,41.74,364,12.63736264,376,2802,363,64.85067279,,,0.689655,5.05319,11.1702,33.2447,,,,,260,35.8621,1785,76.80553322,36.81675393,116.9655172,2.344827586,69.8761,11.7551,9.44146,5.53868,19.771,40.6403,19.5139,20.0748,,,,1,,,,,,,63.4361,27.5016,19.7294,,0,,,,,,,,3.38864,288,116,140,,50,66.13756614,2.620689655,128,1,3315,66.59160367
Howard Park/West Arlington,--,--,--,--,--,--,--,--,--,--,--,--,--,--,--,--,--,--,--,"$39,468",31.2206,19.8316,17.1082,9.40827,22.43,,18.0091,35.505246," $ 70,000 ",34,109,72.3,3.4242,2.4,,3.4 ,"3,154",44.1176,1.960784314,,0.63,1.59,,50.8133,63.9634,0,577.3620799,88.77615726,9.57573,45.3417,,7.81753,36.5125,,,,,NA,0.183942,NA,NA,NA,,,,500,263,412,,96.51,0.51,1.87,10.4000,10.2662,32.0388,,,,,,48.94,50.70,40.26,80.52,36.36,62.07,48.88888889,61.36363636,65.67164179,26.47058824,0.7281553398,79.16666667,,8.431952663,,,,84.74114441,64.42577031,86.15,86.92307692,42.30769231,,,,4.58488,,,0.1839418744,,,,,76.0,5.7,1.2,8.2,24.7,98.6,340.3,1369.6,,,,,,,223.3974064,0.3678837487,0.091970937,0.092,2,,60.3909,10.7415,28.8677,15.1007,20.05,63.87,16.08,151,8.609271523,238,3053,214,59.58156028,,,0.183942,8.82353,16.8067,42.0168,,,,,149,13.7037,2192,79.31114461,44.42169908,22.2569668,4.506575922,75.7372,7.55215,13.0904,3.38048,13.1383,33.5411,30.5203,22.8003,,,,13,,,,,,,65.5113,24.1396,15.8207,,0.0634115409,,,,,,,,0.239751,476,254,394,,184,149.7710922,0.2759128116,29,0,14374,13.56836368
Inner Harbor/Federal Hill,--,--,--,--,--,--,--,--,--,--,--,--,--,--,--,--,--,--,--,"$88,854",19.8633,6.05923,11.0402,7.21336,55.82,,5.3478,9.238777," $ 320,000 ",28,373,59.0,0.8845,0.6,,4.8 ,"5,992",22.069,0.6896551724,,1.00,2.50,,31.1187,46.201,16.35514019,287.7169559,30.37383178,2.91425,79.2688,,10.424,68.3781,,,,,NA,,NA,NA,NA,,,,237,90,83,,44.88,45.61,4.63,13.0802,15.5556,30.1205,,,,,,72.09,77.27,70.00,87.50,46.43,57.14,66.66666667,79.16666667,63.15789474,42.85714286,3.614457831,70.58823529,,5.31496063,,,,100,10,87.63,94.62365591,64.51612903,207,0.0,,1.64547,,,2.489303773,,,,,78.9,5.6,0.0,3.3,4.3,82.0,326.7,1311.3,,,,,,,380.941268,12.60210035,1.478024115,2.1004,1073,,77.523,5.12279,17.0472,6.19849,8.79,23.94,67.27,484,21.90082645,837,16395,755,66.45727631,,,0.466744,7.28793,12.5448,39.9044,,,,,593,46.1299,10750,84.97378148,39.93930197,40.91793077,3.033838973,71.288,5.36673,5.62228,16.5346,22.0164,43.7516,23.6775,10.5546,,,,4,,,,,,,47.5475,47.9727,14.776,,0,,,,,,,,1.18835,230,87,83,,68,59.51417004,5.289770517,1826,2,14078,25.96062924
Lauraville,--,--,--,--,--,--,--,--,--,--,--,--,--,--,--,--,--,--,--,"$66,196",15.9187,13.1056,14.5568,15.5392,40.88,,8.3206,12.678571," $ 132,000 ",46,199,73.6,2.6369,1.6,,3.4 ,"4,475",32.4324,2.702702703,,0.00,0.45,,34.4741,52.8557,0.4469273743,610.9497207,62.12290503,8.01638,38.8658,,5.86654,32.5104,,,,,NA,0.0814797,NA,NA,NA,,,,604,358,474,,85.93,10.72,2.02,11.5894,10.0559,25.3165,,,,,,58.72,72.22,43.59,82.91,36.97,70.83,56.77966102,64.56692913,62.79069767,33.68421053,1.265822785,86.4,,6.609547124,,,,98.14814815,18.26484018,89.93,87.91946309,53.02013423,200,0.0,,4.58015,,,0.4888780249,,,,,76.1,5.6,2.9,11.0,16.0,77.1,372.1,1477.4,,,,,,,341.1553817,0.5703576958,0.570357696,0.5704,22,,67.7235,9.73307,22.5434,12.5658,9.9,55.36,34.73,131,5.34351145,249,1730,234,60.29515109,,,0,8.03213,15.261,46.5863,,,,,167,13.6071,1106,85.33249158,43.63748459,27.3771694,2.770308808,78.4417,9.16623,8.61978,2.97902,9.48352,43.5572,29.8431,17.1162,,,,0,,,,,,,75.2623,12.1902,10.7167,,0.02234636872,,,,,,,,0.793231,576,348,458,,18,198.3385254,1.466634075,46,2,1570,15.15151515
Loch Raven,--,--,--,--,--,--,--,--,--,--,--,--,--,--,--,--,--,--,--,"$47,992",24.5101,15.7698,25.0855,17.014,17.62,,13.7473,25.453001," $ 73,100 ",34,125,77.7,2.2706,0.6,,1.5 ,"4,228",43.3962,1.886792453,,0.00,0.00,,41.3382,50.6933,0,602.6490066,68.3538316,2.85977,43.6941,,8.36,34.681,,,,,NA,0.0653125,NA,NA,NA,,,,929,464,636,,97.09,0.64,1.58,10.8719,6.6810,24.3711,,,,,,66.67,69.87,56.42,82.12,31.67,61.16,61.07784431,62.65822785,66.36363636,47.61904762,0.786163522,86.58536585,,5.42118432,,,,99.73427812,22.3880597,86.31,88.0952381,44.04761905,173,0.0,,3.81735,,,0.1959375612,,,,,76.6,13.8,0.8,7.7,21.7,81.3,346.0,1075.8,,,,,,,286.4607145,0.1959375612,0.06531252,0.2613,5,,65.5608,9.96992,24.4693,13.1998,13.89,63.91,22.2,50,22,213,1806,201,54.90324697,,,0.195938,7.04225,12.2066,35.2113,,,,,170,11.1031,1271,85.48549388,40.99068171,22.46750702,1.959375612,65.03,12.6012,20.0575,1.61922,10.4205,43.2097,27.4615,18.9083,,,,2,,,,,,,67.0762,27.2473,22.0684,,0.02365184484,,,,,,,,0.692087,897,453,614,,43,91.26088359,0.3918751225,12,0,3328,14.00301861
Madison/East End,--,--,--,--,--,--,--,--,--,--,--,--,--,--,--,--,--,--,--,"$27,454",47.4237,14.0267,16.5076,10.5439,11.50,,29.3043,52.157080," $ 25,000 ",61,71,24.3,1.8845,20.1,,1.2 ,"3,237",87.013,0,,15.76,0.00,,42.2785,64.1227,4.942848316,153.8461538,13.59283287,14.96746,71.8417,,24.1614,46.5236,,,,,NA,0.642591,NA,NA,NA,,,,696,365,494,,93.18,1.54,4.63,18.3908,18.9041,53.2389,,,,,,42.54,47.54,34.55,65.45,24.27,49.04,44.23076923,52.08333333,48.71794872,29.03225806,2.834008097,69.31818182,,11.0989011,,,,72.38239757,37.97468354,82.61,84.7826087,39.85507246,173,4.0,,29.0935,,,1.285181853,,,,,68.7,12.9,5.2,9.5,32.0,174.0,474.8,1578.9,,,,,,,443.5162576,2.441845521,0.514072741,0.257,6,,44.085,15.9984,39.6586,26.627,37.99,55.94,6.07,186,1.075268817,228,1323,220,55.15695067,,,0,9.21053,17.5439,35.0877,,,,,185,23.7759,820,74.00611621,26.26549587,129.674849,4.498136486,38.6745,10.2587,40.2179,9.48706,15.7966,32.3196,17.8847,33.9991,,,,18,,,,,,,74.0935,15.6489,56.6317,,0.03089280198,,,,,,,,1.36178,675,363,481,,163,328.8159772,0.2570363706,6,4,474,154.6253823
Medfield/Hampden/Woodberry/Remington,--,--,--,--,--,--,--,--,--,--,--,--,--,--,--,--,--,--,--,"$58,210",19.1946,13.7248,18.6677,13.8251,34.59,,8.3357,16.309013," $ 175,000 ",29,334,64.8,1.2922,0.8,,3.8 ,"6,810",23.2323,1.346801347,,0.15,2.50,,31.397,43.3281,1.908957416,477.9735683,51.6886931,3.90381,51.4723,,9.08673,42.0405,,,,,NA,,NA,NA,NA,,,,521,249,311,,24.42,60.41,5.46,16.5067,18.4739,36.6559,,,,,,69.00,78.67,64.37,89.53,58.11,75.68,75.30864198,77.92207792,85.71428571,55,4.501607717,80.35714286,,3.051643192,,,,86.25954198,14.70588235,89.58,91.66666667,66.25,271,0.0,,1.70767,,,1.035196687,,,,,76.2,7.1,2.2,6.3,15.0,95.1,399.2,1016.5,,,,,,,391.7069243,0.9201748332,0.690131125,2.3579,156,,77.7402,5.36778,16.393,6.4588,14.47,34.11,51.42,537,16.75977654,893,9523,846,59.96282816,,,0.287555,5.15118,12.318,33.9306,,,,,592,34.0465,5034,74.6669318,42.53883711,36.63446055,2.070393375,63.9181,9.2437,9.70588,12.4895,22.9307,42.1324,21.6071,13.3298,,,,14,,,,,,,68.7492,18.7304,21.0639,,0.8663729809,,,,,,,,4.64286,501,242,309,,59,21.54724818,7.131354957,1431,4,14004,11.40054351
Midtown,--,--,--,--,--,--,--,--,--,--,--,--,--,--,--,--,--,--,--,"$38,867",36.0125,15.0457,14.1089,9.18238,25.65,,8.7121,17.164179," $ 200,000 ",33,149,41.1,0.9590,2.9,,5.8 ,"3,441",35,3.333333333,,0.58,1.45,,31.7675,44.2221,62.77244987,282.4760244,12.20575414,5.77770,84.221,,12.3169,70.506,,,,,NA,0.133156,NA,NA,NA,,,,198,105,121,,75.94,13.68,6.60,15.6566,22.8571,41.3223,,,,,,48.84,77.42,72.50,92.68,30.30,60.61,54.54545455,64.28571429,64,35,4.132231405,78.78787879,,7.114624506,,,,98.38895282,6.41025641,80.51,85.59322034,52.54237288,114,0.0,,4.27489,,,1.797603196,,,,,75.7,11.2,2.9,2.3,12.5,109.1,347.0,1126.1,,,,,,,462.0505992,2.463382157,1.930758988,3.2623,569,,67.708,5.29042,26.978,7.24731,10.97,27.03,62,810,12.22222222,1087,12085,1039,60.9941103,,,0.266312,5.70377,13.7994,35.7866,,,,,772,51.3981,6548,65.09948311,40.97237329,37.9494008,1.997336884,50.4477,5.21913,22.2314,18.3318,27.8982,41.812,14.6913,15.5985,,,,30,,,,,,,44.3391,50.7459,34.6941,,0.1453065969,,,,,,,,3.77003,195,103,116,,183,76.55502392,7.190412783,1952,4,12496,20.0382355
Midway/Coldstream,--,--,--,--,--,--,--,--,--,--,--,--,--,--,--,--,--,--,--,"$34,523",41.0174,15.3896,19.1243,9.17579,15.29,,26.6092,42.607174," $ 17,005 ",28,70,36.4,1.8941,20.9,,1.3 ,"4,118",93.8776,3.06122449,,6.31,0.00,,36.1507,64.3662,0,149.1015056,28.41185041,16.44873,69.9293,,19.5345,49.148,,,,,NA,0.415628,NA,NA,NA,,,,733,419,558,,98.65,0.23,0.64,17.0532,21.4797,40.1434,,,,,,43.48,54.17,45.00,71.90,20.29,47.83,43.93939394,40.94488189,56.38297872,28.81355932,2.508960573,85,,10.05475361,,,,88.63636364,51.40186916,88.16,88.15789474,42.76315789,112,6.3,,17.4354,,,1.350789692,,,,,69.4,13.0,10.5,18.2,38.1,142.5,397.0,1771.4,,,,,,,392.3524522,2.078137988,0.623441397,0.2078,3,,53.1455,14.1988,32.4316,21.0839,26.78,66.1,7.12,281,4.62633452,230,1951,222,60.16528926,,,0.103907,7.82609,11.7391,35.2174,,,,,161,16.729,845,85.25164727,31.08041441,135.1828761,2.493765586,57.8896,7.48629,28.8157,3.03324,16.7473,37.2378,17.6186,28.3963,,,,20,,,,,,,68.3838,16.9672,38.9247,,0.2428363283,,,,,,,,2.77509,724,416,551,,6,184.5070423,0.4156275977,11,4,1243,110.0518716
Morrell Park/Violetville,--,--,--,--,--,--,--,--,--,--,--,--,--,--,--,--,--,--,--,"$38,210",37.3292,14.4647,18.1093,10.336,19.76,,12.1068,17.030260," $ 69,000 ",35,118,67.8,2.8218,2.2,,1.1 ,"3,154",56.7797,2.542372881,,0.63,0.95,,41.0803,46.9986,0,594.8002536,85.92263792,5.49081,58.7907,,11.7135,46.7425,,,,,NA,0.111557,NA,NA,NA,,,,446,253,235,,28.91,57.60,7.28,20.6278,22.5296,35.7447,,,,,,60.24,67.50,38.03,73.24,29.58,72.06,57.69230769,67.27272727,72.09302326,40,3.404255319,84,,5.388127854,,,,61.29032258,49.26108374,91.67,94.44444444,58.33333333,190,0.0,,4.51039,,,0.8924587238,,,,,73.0,10.1,0.0,19.5,21.7,142.6,429.7,898.1,,,,,,,101.0709505,0.2231146809,0.446229362,0.2231,4,,61.2566,9.79499,28.4738,13.7857,32.16,56.89,10.95,477,11.74004193,415,9827,385,69.71463639,,,0.111557,6.0241,16.6265,36.6265,,,,,246,27.4431,6307,57.10329549,34.91755577,36.59080768,2.008032129,66.7064,18.9568,9.86587,2.77198,21.0134,44.5306,16.155,18.301,,,,1,,,,,,,63.9522,23.1777,25.2847,,0.03170577045,,,,,,,,1.69896,433,235,234,,95,123.4652115,1.227130745,271,3,10650,20.07754085
Mount Washington/Coldspring,--,--,--,--,--,--,--,--,--,--,--,--,--,--,--,--,--,--,--,"$76,263",16.3383,9.40066,12.9721,10.6732,50.62,,6.0397,9.039548," $ 287,000 ",34,58,82.0,0.9836,0.1,,4.6 ,"1,830",19.6078,0,,0.00,1.64,,28.8603,33.7102,2.18579235,510.9289617,26.2295082,0.98619,29.9923,,3.09598,26.5093,,,,,NA,,NA,NA,NA,,,,192,75,73,,47.06,40.00,3.82,1.0417,4.0000,9.5890,,,,,,93.94,97.06,81.48,88.89,60.00,84.00,84.21052632,77.77777778,100,62.5,1.369863014,90,,1.79028133,,,,83.72093023,10.86956522,92.42,89.39393939,65.15151515,103,0.0,,0.172563,,,0.386996904,,,,,81.3,0.0,0.0,5.7,10.6,43.8,260.7,1591.2,,,,,,,290.6346749,0.580495356,0.193498452,1.161,25,,82.1484,3.66346,14.1881,4.26918,4.91,24.61,70.48,99,13.13131313,227,5681,207,62.8553959,,,0.193498,4.84582,9.69163,37.4449,,,,,159,30.7663,5118,94.50096899,55.72930018,13.73839009,3.289473684,82.2406,8.14121,7.78098,0,16.9308,44.9207,22.5504,15.598,,,,3,,,,,,,66.2151,28.202,10.1396,,0,,,,,,,,1.83718,185,72,72,,27,61.01694915,2.128482972,89,0,3544,4.360465116
North Baltimore/Guilford/Homeland,--,--,--,--,--,--,--,--,--,--,--,--,--,--,--,--,--,--,--,"$81,451",18.3065,10.126,11.4176,7.84564,52.30,,5.3392,7.632701," $ 325,000 ",33,271,74.7,0.8636,0.5,,4.6 ,"5,095",33.7553,1.265822785,,0.59,0.39,,29.6892,54.3756,3.336604514,477.9195289,19.82335623,2.90234,29.9473,,3.37838,26.4544,,,,,NA,,NA,NA,NA,,,,284,143,141,,36.97,51.58,4.05,4.5775,6.9930,17.0213,,,,,,97.78,96.49,87.80,92.68,78.57,90.48,80,87.23404255,91.89189189,57.14285714,2.127659574,73.07692308,,2.631578947,,,,100,0.7806401249,90.07,94.32624113,72.34042553,178,0.0,,0.537273,,,0.2863032524,,,,,83.9,1.5,0.0,1.9,7.2,51.3,193.5,1116.6,,,,,,,258.5318369,0.4008245534,0.858909757,1.0307,89,,56.6302,4.72909,38.6407,7.7072,3.89,20.22,75.9,234,16.66666667,459,4015,428,62.34271334,,,0,7.62527,12.854,42.9194,,,,,323,18.4952,2261,64.08754209,51.0244825,14.08612002,2.977553825,66.0896,7.00824,9.91205,14.6447,24.5149,48.6109,14.4074,12.4668,,,,5,,,,,,,65.0454,25.8173,16.7916,,0,,,,,,,,2.34539,278,138,131,,66,42.38833181,2.34768667,194,0,4931,7.676767677
Northwood,--,--,--,--,--,--,--,--,--,--,--,--,--,--,--,--,--,--,--,"$58,266",20.551,12.8326,17.7581,15.7577,33.10,,9.3390,14.818296," $ 90,000 ",36,176,80.4,2.6998,0.7,,2.1 ,"4,667",34.4,1.6,,0.00,0.43,,40.2466,51.0218,0.4285408185,704.9496465,94.49325048,4.17978,41.8194,,6.84973,34.1885,,,,,NA,0.0600853,NA,NA,NA,,,,690,364,548,,96.19,1.56,1.81,11.7391,9.3407,29.7445,,,,,,64.41,64.17,52.54,81.36,30.25,52.89,58.87096774,54.76190476,74.76635514,38.04347826,1.094890511,84.44444444,,7.269789984,,,,98.96275342,11.16071429,77.48,80.13245033,41.7218543,240,0.0,,4.89451,,,0.1201706423,,,,,76.2,17.7,0.0,5.5,18.8,90.4,301.6,1356.1,,,,,,,360.3917563,0.8411944962,0.420597248,0.4807,53,,53.9044,10.0733,36.0222,15.7451,11.97,63.23,24.8,63,22.22222222,177,3447,164,54.58422175,,,0.0600853,5.08475,11.8644,44.0678,,,,,108,6.48921,1978,75.56451613,43.85369167,32.62632939,2.944180737,67.5628,13.6918,13.5449,3.70207,12.9426,40.6346,24.0782,22.3446,,,,1,,,,,,,72.1834,16.4937,13.0402,,0.0857081637,,,,,,,,1.49846,665,354,535,,60,146.4577657,0.8411944962,154,2,3584,14.73607038
Oldtown/Middle East,--,--,--,--,--,--,--,--,--,--,--,--,--,--,--,--,--,--,--,"$14,105",67.1673,11.5679,9.14361,3.55731,8.56,,51.3951,69.763365," $ 149,900 ",35,51,37.4,0.8005,24.8,,5.2 ,"1,499",40,0,,5.34,0.00,,34.6457,44.3162,11.34089393,249.4996664,23.34889927,3.11121,82.6265,,26.644,54.6852,,,,,NA,0.399162,NA,NA,NA,,,,759,333,452,,96.44,0.71,2.20,15.9420,15.0150,48.2301,,,,,,36.42,50.34,32.03,65.63,16.83,47.52,39.58333333,46.72897196,41.66666667,27.82608696,2.212389381,79.12087912,,7.713498623,,,,68.84057971,50.44510386,87.18,85.25641026,48.07692308,231,0.0,,21.0379,,,0.4989522004,,,,,72.0,11.6,2.0,9.7,26.6,151.4,404.5,1103.4,,,,,,,486.6779762,2.893922762,5.189102884,0.7983,156,,39.015,14.9773,46.0077,27.7397,33.16,51.54,15.3,491,19.55193483,475,16968,437,65.25946811,,,0.498952,5.05263,16.8421,38.9474,,,,,359,35.8248,6457,72.09580838,30.10335917,38.51910987,3.592455843,33.0995,5.61157,35.0285,23.2793,27.7948,18.8514,23.0601,30.2937,,,,3,,,,,,,49.3017,46.5876,71.5942,,0.6004002668,,,,,,,,2.98115,747,327,444,,53,80.52101835,0.8981139607,158,8,27526,89.68729208
Orangeville/East Highlandtown,--,--,--,--,--,--,--,--,--,--,--,--,--,--,--,--,--,--,--,"$40,431",32.1164,17.1267,18.8186,10.1811,21.76,,12.2575,21.814931," $ 90,000 ",37,155,50.0,1.3400,1.6,,2.5 ,"3,806",47.8992,0.8403361345,,0.53,37.05,,40.1544,54.9451,1.050972149,396.7419863,77.24645297,5.95184,81.0426,,18.9464,60.8915,,,,,NA,0.328551,NA,NA,NA,,,,724,296,375,,21.15,19.64,56.63,11.7403,13.5135,38.9333,,,,,,49.23,52.68,39.68,74.38,30.30,57.63,39.43661972,47.87234043,58.44155844,23.40425532,3.2,81.96721311,,5.256940343,,,,87.28522337,65.65656566,87.22,88.10572687,45.37444934,175,0.0,,5.34785,,,2.518891688,,,,,72.3,9.8,0.0,11.5,16.5,146.9,404.8,1526.3,,,,,,,350.5640127,0.9856532691,1.971306538,0.8761,61,,65.2814,7.15775,27.5608,9.88104,38.79,50.83,10.38,624,12.33974359,567,7615,527,64.42080378,,,0.328551,6.17284,13.5802,33.5097,,,,,317,34.7169,3075,56.58387679,28.93575282,106.341036,5.366334465,49.5472,22.0785,19.6205,7.15826,13.7128,35.6404,29.2367,21.4101,,,,1,,,,,,,64.3514,20.2731,26.0908,,0.07882291119,,,,,,,,1.59552,682,273,341,,44,102.7795734,2.190340598,224,10,15337,88.38629111
Patterson Park North & East,--,--,--,--,--,--,--,--,--,--,--,--,--,--,--,--,--,--,--,"$56,652",24.6052,10.6064,17.0404,7.44785,40.30,,26.0021,39.727220," $ 172,000 ",28,441,46.8,1.5995,3.6,,4.9 ,"6,377",31.5508,1.336898396,,0.16,0.47,,27.7411,51.3301,29.6377607,317.233809,39.98745492,12.64934,79.4556,,22.407,56.6362,,,,,NA,0.137466,NA,NA,NA,,,,925,491,562,,61.07,6.12,30.54,14.7027,16.2933,43.7722,,,,,,50.00,51.40,44.67,73.65,23.19,50.00,40.18691589,52.5,47,20.58823529,1.601423488,81.39534884,,6.531816266,,,,93.39130435,87.06467662,87.61,90.33232628,45.61933535,401,0.0,,9.43597,,,1.237198433,,,,,72.6,10.8,0.8,12.1,16.3,134.6,404.1,1393.4,,,,,,,473.4346003,1.855797649,0.343666231,0.1375,7,,67.2841,7.39923,25.1727,9.90748,22.27,37.9,39.83,157,7.006369427,206,1311,197,59.80498375,,,0.0687332,7.28155,15.0485,40.7767,,,,,140,9.62265,627,73.20134347,31.71939145,162.4853942,4.467661008,60.636,12.8793,14.796,8.32002,15.3187,38.2024,29.4323,17.0466,,,,43,,,,,,,68.7463,23.5523,26.048,,0.07840677435,,,,,,,,3.36867,880,476,525,,262,260.3576101,0.4811327239,23,2,1064,56.83224324
Penn North/Reservoir Hill,--,--,--,--,--,--,--,--,--,--,--,--,--,--,--,--,--,--,--,"$33,264",40.3525,18.3913,19.9277,5.85179,15.48,,31.1010,47.183351," $ 65,000 ",36,137,35.7,2.3794,15.8,,2.0 ,"2,984",62.1951,2.43902439,,2.35,0.00,,42.5885,52.4746,21.11260054,278.150134,27.8150134,19.32647,59.578,,17.2735,41.0633,,,,,NA,0.51717,NA,NA,NA,,,,641,330,454,,97.05,1.19,1.05,14.3526,14.5455,49.7797,,,,,,34.55,44.90,50.00,83.33,26.00,44.55,33.92857143,45.61403509,66.17647059,29.62962963,1.982378855,78.0952381,,8.973607038,,,,81.93343899,58.82352941,85.61,91.36690647,49.64028777,130,0.0,,16.5398,,,0.6206040546,,,,,71.3,9.4,2.2,10.3,42.3,126.5,418.5,1421.1,,,,,,,448.9035995,1.965246173,4.033926355,0.3103,21,,50.1243,12.8867,36.9889,20.4516,19.64,56.13,24.23,142,11.26760563,275,2195,262,52.66203704,,,0.103434,10.1818,18.5455,41.8182,,,,,204,21.1005,1262,81.1501161,36.5258374,68.26644601,2.2755482,49.3377,17.4945,24.7241,4.30464,18.0739,36.6722,23.8962,21.3576,,,,58,,,,,,,60.2124,33.371,43.3348,,0.03351206434,,,,,,,,4.13907,625,329,443,,292,195.748731,0.8274720728,33,4,923,94.11282612
Pimlico/Arlington/Hilltop,--,--,--,--,--,--,--,--,--,--,--,--,--,--,--,--,--,--,--,"$32,410",40.7453,15.3292,20.7205,5.56522,17.64,,19.9070,41.002686," $ 30,000 ",48,79,51.9,2.1967,14.2,,1.4 ,"3,915",66.2791,4.651162791,,1.53,0.51,,46.9402,53.343,0,173.1800766,57.98212005,14.84848,55.6872,,17.434,36.9837,,,,,NA,0.84631,NA,NA,NA,,,,695,443,550,,97.69,1.07,0.71,15.1079,17.1558,46.3636,,,,,,35.11,55.56,31.91,74.47,27.01,59.42,35.82089552,50,40.42553191,23.4375,1.090909091,76.74418605,,8.973029046,,,,91.50227618,56.37254902,84.97,84.96732026,36.60130719,124,0.0,,12.9755,,,0.6770480704,,,,,68.2,23.2,1.0,18.3,49.9,166.1,422.2,1562.5,,,,,,,310.4265403,0.6770480704,0.930941097,0.3385,19,,51.6133,9.62708,38.7596,15.7201,26.46,66.71,6.83,210,11.42857143,348,3927,333,58.15454387,,,0.169262,6.6092,14.3678,41.3793,,,,,279,23.6121,3416,75.75657533,34.57292272,38.507109,5.67027759,51.926,8.5773,30.3544,6.95942,11.6076,39.3169,24.6276,24.4479,,,,4,,,,,,,66.9068,20,44.0248,,0.07662835249,,,,,,,,2.18285,673,435,530,,,178.2945736,0.7616790792,69,2,6129,73.73170463
Poppleton/The Terraces/Hollins Market,--,--,--,--,--,--,--,--,--,--,--,--,--,--,--,--,--,--,--,"$17,228",61.9875,13.7,9.64785,5.1616,9.50,,52.1940,71.597168," $ 73,600 ",27,44,30.3,2.5679,16.4,,1.7 ,"1,363",45.4545,6.060606061,,9.54,2.20,,43.0605,55.6475,30.08070433,131.327953,9.537784299,10.29248,81.9898,,22.2179,58.7888,,,,,NA,0.196618,NA,NA,NA,,,,361,177,251,,96.32,2.41,1.14,23.8227,27.6836,49.4024,,,,,,26.76,44.16,28.89,69.81,18.18,48.15,35,44.06779661,45.65217391,15.2173913,3.585657371,76.36363636,,9.691160809,,,,88.30409357,47.61904762,81.69,78.87323944,52.11267606,,,,22.6328,,,1.376327173,,,,,68.8,12.8,2.0,10.6,23.3,198.9,478.4,1500.0,,,,,,,389.3039717,2.162799843,1.179709005,0.3932,6,,50.4658,12.7208,36.8134,20.1322,34.6,48.67,16.72,234,6.41025641,150,1265,142,66.85779817,,,0.393236,7.33333,24,43.3333,,,,,98,19.2686,690,77.08553326,30.61643836,86.70861188,2.35941801,45.478,5.23256,25.7752,21.3824,21.0594,38.5659,15.7623,24.6124,,,,19,,,,,,,61.2156,33.864,58.9484,,0.5135730007,,,,,,,,2.13178,358,171,247,,13,83.97397989,0.393236335,6,5,1024,82.62935586
Sandtown-Winchester/Harlem Park,--,--,--,--,--,--,--,--,--,--,--,--,--,--,--,--,--,--,--,"$24,374",51.3013,13.9773,16.0594,8.07789,10.58,,33.2543,51.975988," $ 18,000 ",39,88,30.3,1.2052,35.0,,1.0 ,"6,057",93.2039,0.9708737864,,4.79,0.00,,38.8707,52.368,0.4952947003,115.2385669,10.23609047,16.24427,63.1042,,20.4753,41.8904,,,,,NA,0.268528,NA,NA,NA,,,,1136,560,742,,98.61,0.37,0.82,18.7500,15.7143,46.0916,,,,,,38.04,46.35,32.31,60.51,20.00,44.44,43.62416107,45.61403509,44.14414414,29.33333333,1.886792453,77.41935484,,9.660483024,,,,84.44948922,60.31746032,85.77,83.7398374,34.95934959,248,2.8,,24.1788,,,1.409774436,,,,,70.0,7.4,2.1,19.8,43.7,161.0,430.7,1131.5,,,,,,,414.2051557,1.611170784,0.738453276,0,,,47.6403,13.6088,38.7509,22.2188,28.79,65.08,6.13,190,3.684210526,257,1559,239,48.70067372,,,0,6.22568,17.5097,40.856,,,,,195,13.0908,829,75.7959479,29.73747017,111.2379162,4.095059076,41.4904,9.7281,43.7462,2.43706,13.575,30.5539,21.7724,34.0987,,,,74,,,,,,,65.7991,26.6628,56.3331,,0.3301964669,,,,,,,,2.59819,1112,552,739,,270,78.12971342,0,0,6,1116,107.5434153
South Baltimore,--,--,--,--,--,--,--,--,--,--,--,--,--,--,--,--,--,--,--,"$88,487",11.8563,6.0712,14.4946,9.98093,57.60,,4.2857,5.124654," $ 289,900 ",23,299,70.9,0.6200,0.5,,5.5 ,"3,387",14.2857,0.4081632653,,1.48,21.85,,30.2128,35.3974,3.247711839,340.4192501,47.829938,3.72578,49.7971,,2.34155,47.1433,,,,,NA,,NA,NA,NA,,,,151,55,50,,7.03,87.89,2.73,7.9470,20.0000,36.0000,,,,,,82.61,86.96,57.89,94.74,50.00,85.00,87.5,86.66666667,81.81818182,33.33333333,8,90.90909091,,1.226993865,,,,77.19298246,15.38461538,92.06,92.85714286,73.80952381,137,0.0,,0.451128,,,3.278176709,,,,,77.1,1.6,4.0,2.7,8.5,76.6,360.4,1850.7,,,,,,,299.7190134,1.404932875,0.468310958,0.6244,55,,83.7197,6.30206,9.68852,7.0006,10.59,29.3,60.11,255,24.31372549,281,12339,251,67.75947794,,,0.468311,4.98221,14.5907,42.7046,,,,,180,28.0987,10667,92.51178216,41.54716981,32.00124883,2.965969404,79.9604,7.20721,4.46056,6.43815,23.2257,36.4755,25.379,14.9198,,,,1,,,,,,,73.4266,22.028,10.1399,,0.02952465309,,,,,,,,1.93364,145,52,48,,43,14.42307692,1.873243834,853,1,7052,21.29516495
Southeastern,--,--,--,--,--,--,--,--,--,--,--,--,--,--,--,--,--,--,--,"$32,102",38.4583,22.2874,15.8777,8.00168,15.37,,25.6429,53.250975," $ 75,000 ",65,69,63.1,1.9661,1.9,,1.3 ,"1,831",57.8125,1.5625,,1.09,0.00,,44.4145,54.2982,1.09229929,515.0191152,93.3915893,6.55113,83.7061,,12.4601,70.2875,,,,,NA,0.319489,NA,NA,NA,,,,423,185,187,,48.18,18.74,30.19,4.4917,7.5676,44.9198,,,,,,45.24,51.85,33.93,78.18,29.79,57.45,60,48.8372093,70,24,1.604278075,72.72727273,,6.932773109,,,,95.97701149,63.10679612,87.93,89.65517241,49.13793103,65,0.0,,7.78571,,,2.555910543,,,,,73.8,8.9,3.6,2.3,24.6,128.5,365.8,1293.2,,,,,,,219.3290735,0.6389776358,,0.4792,48,,57.1043,8.94111,33.6305,13.5378,31.73,56.07,12.21,438,22.83105023,424,8056,389,61.83727482,,,0.638978,7.78302,18.3962,40.0943,,,,,205,32.7476,3488,57.36546852,27.77978993,29.07348243,4.153354633,67.2842,7.84983,16.2847,6.58216,23.7445,33.1546,27.7913,15.3096,,,,2,,,,,,,75.1152,19.0616,33.473,,0,,,,,,,,1.99902,393,178,162,,,106.1403509,2.236421725,278,0,13218,84.97818408
Southern Park Heights,--,--,--,--,--,--,--,--,--,--,--,--,--,--,--,--,--,--,--,"$26,015",48.3745,19.4856,13.7654,6.74897,11.63,,36.5534,52.925810," $ 19,900 ",47,82,44.1,2.3075,19.6,,1.4 ,"3,987",80.4348,0,,2.76,1.00,,44.2248,58.2884,0.2508151492,232.7564585,36.61901179,16.89337,51.5658,,17.1635,33.8001,,,,,NA,0.752785,NA,NA,NA,,,,890,457,636,,96.72,0.71,1.77,23.2584,18.1619,43.5535,,,,,,39.88,50.00,26.24,56.03,30.28,53.90,49.29577465,46.97986577,59.61538462,30.63063063,2.044025157,80.68965517,,8.262711864,,,,71.75,40.96834264,86.82,84.09090909,40,164,0.0,,13.4933,,,0.6022282445,,,,,69.6,15.2,2.3,13.2,39.4,158.7,417.9,1536.2,,,,,,,318.8045769,0.7527853056,0.451671183,0.0753,10,,42.7516,14.8418,42.4066,25.77,28.2,62.57,9.23,175,5.714285714,228,1754,217,44.69273743,,,0,7.45614,17.5439,39.0351,,,,,155,11.6682,901,79.05419119,30.5648267,54.27582054,3.011141223,48.8647,10.0242,35.7246,4.44444,9.34783,36.401,25.942,28.3092,,,,21,,,,,,,68.8683,22.8395,45.0823,,0.1504890895,,,,,,,,0.942029,862,444,627,,62,158.0188679,0.4516711834,54,2,1156,47.08747717
Southwest Baltimore,--,--,--,--,--,--,--,--,--,--,--,--,--,--,--,--,--,--,--,"$24,946",50.0835,14.4337,13.7655,9.83963,11.88,,35.3630,54.965986," $ 23,250 ",54,152,25.0,1.5269,27.8,,0.8 ,"8,252",86.3946,4.081632653,,3.03,0.00,,30.6481,63.1618,3.877847794,138.0271449,16.48085313,18.26568,80.6821,,23.8748,55.8009,,,,,NA,0.670953,NA,NA,NA,,,,1376,693,858,,84.42,9.70,4.24,19.4767,20.4906,46.6200,,,,,,32.49,44.24,33.33,76.45,19.35,51.60,42.85714286,54.02298851,42.85714286,32.57142857,3.146853147,74.21383648,,11.20296465,,,,89.87341772,35.29411765,87.19,89.6797153,39.85765125,62,0.0,,22.6581,,,2.124685491,,,,,68.3,11.6,4.9,17.0,49.9,160.8,471.3,1307.0,,,,,,,296.0022365,1.006429969,1.453732178,0.1677,13,,49.5483,15.6007,34.8511,23.9462,31.73,58.38,9.89,648,3.549382716,472,3158,449,60.91794159,,,0.0559128,6.77966,17.7966,41.9492,,,,,331,18.5071,1729,66.94265563,27.97755383,134.078837,3.298853788,44.0509,10.8098,34.2926,7.56318,14.5914,36.3033,24.3682,24.7371,,,,101,,,,,,,61.009,31.0391,52.8232,,0.1333010179,,,,,,,,3.28353,1336,679,840,,84,139.2156863,0.6709533128,60,17,3139,147.3474394
The Waverlies,--,--,--,--,--,--,--,--,--,--,--,--,--,--,--,--,--,--,--,"$32,652",41.3622,16.5635,15.9443,5.17028,20.96,,16.8401,31.250000," $ 79,950 ",54,84,58.6,2.0818,4.5,,2.8 ,"2,690",48.7179,0,,1.49,0.00,,33.8694,59.4219,1.115241636,462.0817844,53.90334572,8.37870,75.1967,,17.9285,56.6232,,,,,NA,0.386947,NA,NA,NA,,,,465,257,357,,92.31,3.43,3.06,13.3333,15.1751,38.0952,,,,,,36.71,47.44,40.51,75.95,16.90,42.25,55.55555556,61.25,62.71186441,35.9375,4.481792717,78.75,,8.352849336,,,,81.61764706,62.5,88.07,90.82568807,59.63302752,155,0.0,,9.75293,,,0.5159293177,,,,,73.0,11.3,3.0,13.8,23.2,117.0,405.9,1346.9,,,,,,,447.8266477,1.160840965,6.70708113,0.3869,9,,63.1272,11.0016,25.6523,14.8412,15.71,60.2,24.09,172,13.95348837,203,2724,190,62.53968254,,,0,4.92611,13.7931,44.335,,,,,137,17.6706,1999,88.69579609,39.11177458,59.71881852,3.095575906,55.0666,8.07759,25.9409,3.85061,14.8813,39.5194,24.0591,21.5402,,,,10,,,,,,,62.6316,27.9257,39.5975,,0.03717472119,,,,,,,,7.06427,457,246,346,,35,182.8793774,1.031858635,17,12,2686,28.79841112
Upton/Druid Heights,--,--,--,--,--,--,--,--,--,--,--,--,--,--,--,--,--,--,--,"$15,950",64.3662,14.5938,9.8011,5.919,5.32,,49.5155,58.063575," $ 71,202 ",31,40,30.4,1.5719,34.2,,1.5 ,"2,163",68.75,0,,2.77,0.00,,32.9832,60.1889,6.010171059,150.7165973,16.64355062,12.74308,77.9346,,20.789,55.2118,,,,,NA,0.290079,NA,NA,NA,,,,858,401,543,,98.00,0.39,1.11,17.2494,18.7032,46.0405,,,,,,28.30,38.18,29.85,64.18,12.71,42.15,42.99065421,49.61832061,43.33333333,26.15384615,2.762430939,73.58490566,,10.28169014,,,,79.07303371,31.57894737,87.12,85.88957055,38.03680982,113,,,24.7578,,,0.7735447689,,,,,68.8,10.0,2.5,20.1,36.6,171.0,485.0,1375.0,,,,,,,426.513247,2.514020499,1.933861922,0.3868,23,,35.5624,13.8213,50.6163,27.9875,31.9,54.57,13.54,312,8.333333333,309,3334,281,69.57704338,,,0,7.44337,13.9159,36.5696,,,,,189,18.275,1468,73.21233624,30.51258155,73.00328757,1.257010249,43.0342,9.18803,38.8034,7.82051,13.8034,33.547,24.9145,27.735,,,,80,,,,,,,55.4277,36.3288,67.5054,,1.202034212,,,,,,,,1.15385,826,397,542,,27,117.9164282,0.4834654806,25,7,7538,103.3024017
Washington Village/Pigtown,--,--,--,--,--,--,--,--,--,--,--,--,--,--,--,--,--,--,--,"$48,175",36.1075,9.57954,16.2982,11.4434,26.57,,25.0646,30.508475," $ 113,000 ",36, 151 ,41.1,2.6648,7.2,,2.5 ,"2,777",53.8462,5.594405594,,0.00,9.002520706,,38.5475,60.6838,11.88332733,294.2023767,38.89088945,11.58537,139.379,,25.0772,113.393,,,,,NA,0.181719,NA,NA,NA,,,,353,160,200,,76.16,17.25,3.085553997,15.5807,21.2500,47.5000,,,,,,31.82,47.06,43.64,81.82,25.00,50.82,65.2173913,48,56.66666667,29.41176471,2,91.89189189,,6.968641115,,,,95.96412556,52.3255814,91.57,89.15662651,46.98795181,171,0.0,,14.0396,,,1.635471561,,,,,70.2,4.5,2.3,17.1,31.9,134.0,537.3,1288.9,,,,,,,422.4968199,7.632200618,3.452662184,1.272,101,,60.0865,12.5413,27.245,17.268,19.34,48.34,32.32,331,24.7734139,378,8183,335,69.91313064,,,0.363438,6.87831,12.4339,37.8307,,,,,191,34.7083,2709,74.48815275,32.98332304,180.2653098,11.81173905,65.6426,4.88966,14.1064,11.3804,27.1311,30.6361,20.7702,21.4626,,,,9,,,,,,,61.5085,31.9896,28.8253,,0.03601008282,,,,,,,,3.98096,335,157,196,,188,276.0683761,2.907504997,337,13,6633,129.5146078
Westport/Mount Winans/Lakeland,--,--,--,--,--,--,--,--,--,--,--,--,--,--,--,--,--,--,--,"$41,368",37.7422,11.0362,23.6731,7.62426,19.92,,28.0289,46.899606," $ 35,500 ",30,62,48.52872489,3.12938,6.2,,0.5137786081,"2,141",75.7143,2.857142857,,33.6291,0,,47.2991,48.9531,0,411.489958,51.84493227,8.71694,71.2179,,16.0135,54.783,,,,,NA,0.702346,NA,NA,NA,,,,675,348,361,,72.69,6.719653179,19.79768786,15.2593,17.8161,37.1191,,,,,,55.08,66.33,43.14,83.17,30.93,44.21,38.35616438,56.38297872,53.62318841,22.72727273,1.385041551,75,,8.271604938,,,,100,72.51908397,85,87.5,36.66666667,,0,,11.9952,,,0.8428150021,,,,,73.8,1.8,0.0,16.2,27.8,101.5,431.4,1176.5,,,,,,,246.3829189,0.4214075011,4.214075011,0.4214,12,,57.4018,11.0568,31.5414,16.1511,32.9,59.67,7.44,253,4.347826087,267,3317,236,70.43294615,,,0.140469,14.2322,21.3483,43.0712,,,,,140,19.6657,1442,64.47761194,30.12345679,46.63576345,2.247506672,54.7876,20.0504,21.5623,0.863931,14.6508,39.8848,21.5263,23.9381,,,,1,,,,,,,63.3109,32.8981,28.8543,,0,,,,,,,,2.73578,642,323,346,,326,119.133574,1.40469167,105,13,3037,60.69651741
Baltimore City,--,--,--,--,--,--,--,--,--,--,--,--,--,--,--,--,--,--,--,"$41,819",32.6776,15.4249,16.4364,9.29805,26.16,,19.4739,34.618539," $ 126,325 ",38,7822,56.1,1.9511,8.109351673,,2.688269414,204295,45.8795,1.984754782,,2.10,2.28,,38.652,51.7585,6.441665239,376.1521329,49.36488901,8.36013,60.4804,,13.74,45.9304,,,,,NA,0.256055,NA,NA,NA,,,,33183,17268,22888,,84.19394865,8.057104678,6.066349418,14.99563029,15.16099143,38.70150297,,,,,,46.75,55.64,42.63,74.08,28.69,54.92,49.3559719,55.99927392,57.43602125,32.23409196,2.049108703,80.71695883,,7.975902493,,,,88.05249661,33.78228208,87.30534868,88.51275107,48.46535771,17961,1.080118034,,9.6778,,,1.066089497,,,,,73.8,10.4,2.1,10.4,23.0,117.5,379.4,1300.9,,,,,,,341.82823,1.4413,1.207805321,0.6812,4014,,60.6032,9.99628,29.3166,14.1592,18.87,53.24,27.89,15331,12.90848607,21127,358084,19772,67.11330733,,,0.19808,6.52719,14.214,39.0543,,,,,14322,23.0643,197089,76.86476332,37.30772758,52.78501406,3.214102423,62.1143,10.0806,18.7247,6.88572,16.9921,38.6943,24.2676,20.046,,,,813,,,,,,,64.69,26.5598,30.0183,,0.2657921143,,,,,,,,2.19469,32006,16757,22281,,5185,131.3258887,1.64584,12619,218,344588,48.69501704